0,0.234131,0,0,0,0,0,0,0,0,0,0,0,0.765869,0,0,0,0,0,0,0,0,0,0,0,0,0,0,0,0,0,0,0,0,0,0,0,0,0,0,0,0,0,0,0,0,0,0,0,0,0
7.84006e-09,0.233405,0,0,0,0.00885752,-0.0135543,0,0,0,0,0,0,0.759609,0,0,0,-0.000484391,0.0572527,0,0,0.00885752,0.0135543,0,0,0.00145856,0,0,0,0,0,0,0,-0.000484391,-0.0572527,0,0,0.00552765,0,0,0,0,0,0,0,0,0,0,0,0,0
1.56801e-08,0.234956,0,0,0,0.0116364,-0.012599,0,0,0,0,0,0,0.751106,0,0,0,-0.000742854,0.0667547,0,0,0.0116364,0.012599,0,0,0.0023491,0,0,0,0,0,0,0,-0.000742854,-0.0667547,0,0,0.0111012,0,0,0,0,0,0,0,0,0,0,0,0.000488281,0
2.35202e-08,0.242263,0,0,0,0.0117902,-0.0128341,0,0,0,0,0,0,0.740473,0,0,0,-0.000704333,0.065705,0,0,0.0117902,0.0128341,0,0,0.00261052,0,0,0,0,0,0,0,-0.000704333,-0.065705,0,0,0.0131892,0,0,0,0,0,0,0,0,0,0,0,0.00146484,0
3.13603e-08,0.249723,0,0,0,0.0122062,-0.01296,0,0,0,0,0,0,0.730905,0,0,0,-0.000790263,0.0644403,0,0,0.0122062,0.01296,0,0,0.00271858,0,0,0,0,0,0,0,-0.000790263,-0.0644403,0,0,0.0137238,0,0,0,0,0,0,0,0,0,0,0,0.00292969,0
3.92003e-08,0.255769,0,0,0,0.0127543,-0.0131116,0,0,0,0,0,0,0.723264,0,0,0,-0.000550024,0.063301,0,0,0.0127543,0.0131116,0,0,0.00277546,0,0,0,0,0,0,0,-0.000550024,-0.063301,0,0,0.0137967,0,0,0,0,0,0,0,0,0,0,0,0.00439453,0
4.70404e-08,0.262354,0,0,0,0.01318,-0.0130727,0,0,0,0,0,0,0.715945,0,0,0,-0.00055928,0.0617345,0,0,0.01318,0.0130727,0,0,0.00278247,0,0,0,0,0,0,0,-0.00055928,-0.0617345,0,0,0.0135469,0,0,0,0,0,0,0,0,0,0,0,0.00537109,0
5.48804e-08,0.269377,0,0,0,0.0137628,-0.0133171,0,0,0,0,0,0,0.707656,0,0,0,-0.00052628,0.0605736,0,0,0.0137628,0.0133171,0,0,0.00283987,0,0,0,0,0,0,0,-0.00052628,-0.0605736,0,0,0.0132913,0,0,0,0,0,0,0,0,0,0,0,0.00683594,0
6.27205e-08,0.2752,0,0,0,0.0141544,-0.0133441,0,0,0,0,0,0,0.701772,0,0,0,-0.000214351,0.0595489,0,0,0.0141544,0.0133441,0,0,0.00287579,0,0,0,0,0,0,0,-0.000214351,-0.0595489,0,0,0.0130717,0,0,0,0,0,0,0,0,0,0,0,0.00708008,0
7.05606e-08,0.284188,0,0,0,0.0146881,-0.0136912,0,0,0,0,0,0,0.691768,0,0,0,-6.93158e-05,0.0582936,0,0,0.0146881,0.0136912,0,0,0.00292164,0,0,0,0,0,0,0,-6.93158e-05,-0.0582936,0,0,0.0128217,0,0,0,0,0,0,0,0,0,0,0,0.00830078,0
7.84006e-08,0.286618,0,0,0,0.015142,-0.0136401,0,0,0,0,0,0,0.688522,0,0,0,5.34973e-05,0.0575017,0,0,0.015142,0.0136401,0,0,0.00293271,0,0,0,0,0,0,0,5.34973e-05,-0.0575017,0,0,0.0126495,0,0,0,0,0,0,0,0,0,0,0,0.00927734,0
8.62407e-08,0.292777,0,0,0,0.0154375,-0.0134737,0,0,0,0,0,0,0.68121,0,0,0,0.000172989,0.0564324,0,0,0.0154375,0.0134737,0,0,0.00287756,0,0,0,0,0,0,0,0.000172989,-0.0564324,0,0,0.0123931,0,0,0,0,0,0,0,0,0,0,0,0.0107422,0
9.40808e-08,0.299554,0,0,0,0.0160279,-0.0138524,0,0,0,0,0,0,0.673825,0,0,0,0.0004047,0.0555873,0,0,0.0160279,0.0138524,0,0,0.0029359,0,0,0,0,0,0,0,0.0004047,-0.0555873,0,0,0.0122106,0,0,0,0,0,0,0,0,0,0,0,0.0114746,0
1.01921e-07,0.306623,0,0,0,0.0165462,-0.013895,0,0,0,0,0,0,0.666248,0,0,0,0.000590842,0.054405,0,0,0.0165462,0.013895,0,0,0.00294711,0,0,0,0,0,0,0,0.000590842,-0.054405,0,0,0.0119751,0,0,0,0,0,0,0,0,0,0,0,0.012207,0
1.09761e-07,0.310489,0,0,0,0.0169046,-0.014,0,0,0,0,0,0,0.661547,0,0,0,0.000702149,0.0536254,0,0,0.0169046,0.014,0,0,0.00298751,0,0,0,0,0,0,0,0.000702149,-0.0536254,0,0,0.0117925,0,0,0,0,0,0,0,0,0,0,0,0.0131836,0
1.17601e-07,0.315583,0,0,0,0.0173844,-0.01415,0,0,0,0,0,0,0.655692,0,0,0,0.000818684,0.0526595,0,0,0.0173844,0.01415,0,0,0.00302091,0,0,0,0,0,0,0,0.000818684,-0.0526595,0,0,0.0115438,0,0,0,0,0,0,0,0,0,0,0,0.0141602,0
1.25441e-07,0.321916,0,0,0,0.0178654,-0.0142243,0,0,0,0,0,0,0.647465,0,0,0,0.00100521,0.0513122,0,0,0.0178654,0.0142243,0,0,0.00303512,0,0,0,0,0,0,0,0.00100521,-0.0513122,0,0,0.0112259,0,0,0,0,0,0,0,0,0,0,0,0.0163574,0
1.33281e-07,0.325077,0,0,0,0.0183775,-0.0142385,0,0,0,0,0,0,0.643449,0,0,0,0.00114828,0.0506932,0,0,0.0183775,0.0142385,0,0,0.00304793,0,0,0,0,0,0,0,0.00114828,-0.0506932,0,0,0.0110918,0,0,0,0,0,0,0,0,0,0,0,0.017334,0
1.41121e-07,0.328699,0,0,0,0.0188611,-0.0143168,0,0,0,0,0,0,0.639424,0,0,0,0.00115745,0.0501152,0,0,0.0188611,0.0143168,0,0,0.00308846,0,0,0,0,0,0,0,0.00115745,-0.0501152,0,0,0.0109669,0,0,0,0,0,0,0,0,0,0,0,0.0178223,0
1.48961e-07,0.331656,0,0,0,0.0188859,-0.014166,0,0,0,0,0,0,0.63585,0,0,0,0.00109357,0.0496239,0,0,0.0188859,0.014166,0,0,0.00306036,0,0,0,0,0,0,0,0.00109357,-0.0496239,0,0,0.0108784,0,0,0,0,0,0,0,0,0,0,0,0.0185547,0
1.56801e-07,0.335093,0,0,0,0.0190145,-0.0141094,0,0,0,0,0,0,0.632071,0,0,0,0.00118961,0.0490319,0,0,0.0190145,0.0141094,0,0,0.00304168,0,0,0,0,0,0,0,0.00118961,-0.0490319,0,0,0.0107513,0,0,0,0,0,0,0,0,0,0,0,0.019043,0
1.64641e-07,0.336793,0,0,0,0.0191982,-0.0142277,0,0,0,0,0,0,0.629483,0,0,0,0.0015021,0.048637,0,0,0.0191982,0.0142277,0,0,0.00305123,0,0,0,0,0,0,0,0.0015021,-0.048637,0,0,0.0106534,0,0,0,0,0,0,0,0,0,0,0,0.0200195,0
1.72481e-07,0.341406,0,0,0,0.0194299,-0.0143741,0,0,0,0,0,0,0.624333,0,0,0,0.00147443,0.0476698,0,0,0.0194299,0.0143741,0,0,0.00307613,0,0,0,0,0,0,0,0.00147443,-0.0476698,0,0,0.0104329,0,0,0,0,0,0,0,0,0,0,0,0.020752,0
1.80321e-07,0.34434,0,0,0,0.0198476,-0.0143497,0,0,0,0,0,0,0.620063,0,0,0,0.00123609,0.0471145,0,0,0.0198476,0.0143497,0,0,0.00307233,0,0,0,0,0,0,0,0.00123609,-0.0471145,0,0,0.0103078,0,0,0,0,0,0,0,0,0,0,0,0.0222168,0
1.88162e-07,0.350889,0,0,0,0.0202018,-0.0145937,0,0,0,0,0,0,0.613117,0,0,0,0.00144104,0.0464559,0,0,0.0202018,0.0145937,0,0,0.00311478,0,0,0,0,0,0,0,0.00144104,-0.0464559,0,0,0.0101736,0,0,0,0,0,0,0,0,0,0,0,0.0227051,0
1.96002e-07,0.355472,0,0,0,0.0206158,-0.014853,0,0,0,0,0,0,0.607232,0,0,0,0.00168835,0.0454291,0,0,0.0206158,0.014853,0,0,0.00317063,0,0,0,0,0,0,0,0.00168835,-0.0454291,0,0,0.00995526,0,0,0,0,0,0,0,0,0,0,0,0.0241699,0
2.03842e-07,0.35694,0,0,0,0.0210748,-0.0147454,0,0,0,0,0,0,0.603924,0,0,0,0.00163772,0.0450197,0,0,0.0210748,0.0147454,0,0,0.00316742,0,0,0,0,0,0,0,0.00163772,-0.0450197,0,0,0.00984524,0,0,0,0,0,0,0,0,0,0,0,0.026123,0
2.11682e-07,0.361319,0,0,0,0.0212522,-0.0147352,0,0,0,0,0,0,0.59847,0,0,0,0.00206148,0.0442831,0,0,0.0212522,0.0147352,0,0,0.0031827,0,0,0,0,0,0,0,0.00206148,-0.0442831,0,0,0.00968416,0,0,0,0,0,0,0,0,0,0,0,0.0273438,0
2.19522e-07,0.366443,0,0,0,0.0215387,-0.0147883,0,0,0,0,0,0,0.592786,0,0,0,0.00225648,0.0434623,0,0,0.0215387,0.0147883,0,0,0.00318594,0,0,0,0,0,0,0,0.00225648,-0.0434623,0,0,0.00950869,0,0,0,0,0,0,0,0,0,0,0,0.0280762,0
2.27362e-07,0.369408,0,0,0,0.0216946,-0.014729,0,0,0,0,0,0,0.589238,0,0,0,0.00240734,0.0428804,0,0,0.0216946,0.014729,0,0,0.00315084,0,0,0,0,0,0,0,0.00240734,-0.0428804,0,0,0.00939486,0,0,0,0,0,0,0,0,0,0,0,0.0288086,0
2.35202e-07,0.374001,0,0,0,0.0220977,-0.0148872,0,0,0,0,0,0,0.584045,0,0,0,0.00234221,0.0421024,0,0,0.0220977,0.0148872,0,0,0.00319641,0,0,0,0,0,0,0,0.00234221,-0.0421024,0,0,0.00921713,0,0,0,0,0,0,0,0,0,0,0,0.029541,0
2.43042e-07,0.375994,0,0,0,0.0222232,-0.0146895,0,0,0,0,0,0,0.581205,0,0,0,0.0023823,0.0417571,0,0,0.0222232,0.0146895,0,0,0.00315669,0,0,0,0,0,0,0,0.0023823,-0.0417571,0,0,0.00912748,0,0,0,0,0,0,0,0,0,0,0,0.0305176,0
2.50882e-07,0.380645,0,0,0,0.0225069,-0.0147093,0,0,0,0,0,0,0.575983,0,0,0,0.00249293,0.0410639,0,0,0.0225069,0.0147093,0,0,0.00314422,0,0,0,0,0,0,0,0.00249293,-0.0410639,0,0,0.00897757,0,0,0,0,0,0,0,0,0,0,0,0.03125,0
2.58722e-07,0.384991,0,0,0,0.022872,-0.0149969,0,0,0,0,0,0,0.571536,0,0,0,0.00286493,0.040228,0,0,0.022872,0.0149969,0,0,0.00319295,0,0,0,0,0,0,0,0.00286493,-0.040228,0,0,0.00878642,0,0,0,0,0,0,0,0,0,0,0,0.0314941,0
2.66562e-07,0.388392,0,0,0,0.0231894,-0.0149297,0,0,0,0,0,0,0.566788,0,0,0,0.00300798,0.0396406,0,0,0.0231894,0.0149297,0,0,0.00320964,0,0,0,0,0,0,0,0.00300798,-0.0396406,0,0,0.00865172,0,0,0,0,0,0,0,0,0,0,0,0.032959,0
2.74402e-07,0.391555,0,0,0,0.0234552,-0.0149864,0,0,0,0,0,0,0.562527,0,0,0,0.003155,0.0390961,0,0,0.0234552,0.0149864,0,0,0.00322082,0,0,0,0,0,0,0,0.003155,-0.0390961,0,0,0.00851753,0,0,0,0,0,0,0,0,0,0,0,0.0341797,0
2.82242e-07,0.395197,0,0,0,0.0236672,-0.015074,0,0,0,0,0,0,0.558937,0,0,0,0.00293022,0.0387363,0,0,0.0236672,0.015074,0,0,0.00324073,0,0,0,0,0,0,0,0.00293022,-0.0387363,0,0,0.00844595,0,0,0,0,0,0,0,0,0,0,0,0.0341797,0
2.90082e-07,0.398592,0,0,0,0.0238635,-0.0152788,0,0,0,0,0,0,0.554143,0,0,0,0.00292324,0.0382399,0,0,0.0238635,0.0152788,0,0,0.00326374,0,0,0,0,0,0,0,0.00292324,-0.0382399,0,0,0.00835708,0,0,0,0,0,0,0,0,0,0,0,0.0356445,0
2.97922e-07,0.400536,0,0,0,0.0239918,-0.0152943,0,0,0,0,0,0,0.551542,0,0,0,0.00318648,0.037851,0,0,0.0239918,0.0152943,0,0,0.00327262,0,0,0,0,0,0,0,0.00318648,-0.037851,0,0,0.00827246,0,0,0,0,0,0,0,0,0,0,0,0.036377,0
3.05762e-07,0.401731,0,0,0,0.0242907,-0.015284,0,0,0,0,0,0,0.549623,0,0,0,0.00317065,0.0377205,0,0,0.0242907,0.015284,0,0,0.00329801,0,0,0,0,0,0,0,0.00317065,-0.0377205,0,0,0.00823806,0,0,0,0,0,0,0,0,0,0,0,0.0371094,0
3.13603e-07,0.407111,0,0,0,0.0243565,-0.0153643,0,0,0,0,0,0,0.543226,0,0,0,0.00311246,0.0367968,0,0,0.0243565,0.0153643,0,0,0.00328948,0,0,0,0,0,0,0,0.00311246,-0.0367968,0,0,0.00804306,0,0,0,0,0,0,0,0,0,0,0,0.0383301,0
3.21443e-07,0.41,0,0,0,0.0247816,-0.0155973,0,0,0,0,0,0,0.539923,0,0,0,0.00304042,0.0362463,0,0,0.0247816,0.0155973,0,0,0.00333017,0,0,0,0,0,0,0,0.00304042,-0.0362463,0,0,0.00792872,0,0,0,0,0,0,0,0,0,0,0,0.0388184,0
3.29283e-07,0.414582,0,0,0,0.0251068,-0.0158366,0,0,0,0,0,0,0.533987,0,0,0,0.00276318,0.0354655,0,0,0.0251068,0.0158366,0,0,0.00338647,0,0,0,0,0,0,0,0.00276318,-0.0354655,0,0,0.00776134,0,0,0,0,0,0,0,0,0,0,0,0.0402832,0
3.37123e-07,0.416525,0,0,0,0.0252902,-0.0158496,0,0,0,0,0,0,0.531697,0,0,0,0.00287049,0.0349224,0,0,0.0252902,0.0158496,0,0,0.0033964,0,0,0,0,0,0,0,0.00287049,-0.0349224,0,0,0.00760924,0,0,0,0,0,0,0,0,0,0,0,0.0407715,0
3.44963e-07,0.419659,0,0,0,0.0255161,-0.0159394,0,0,0,0,0,0,0.528111,0,0,0,0.00279534,0.0346911,0,0,0.0255161,0.0159394,0,0,0.00343667,0,0,0,0,0,0,0,0.00279534,-0.0346911,0,0,0.00753326,0,0,0,0,0,0,0,0,0,0,0,0.0412598,0
3.52803e-07,0.422807,0,0,0,0.0256847,-0.0160401,0,0,0,0,0,0,0.524279,0,0,0,0.00306243,0.0342818,0,0,0.0256847,0.0160401,0,0,0.00346252,0,0,0,0,0,0,0,0.00306243,-0.0342818,0,0,0.00745905,0,0,0,0,0,0,0,0,0,0,0,0.0419922,0
3.60643e-07,0.423312,0,0,0,0.0257182,-0.0159083,0,0,0,0,0,0,0.523548,0,0,0,0.00311145,0.034245,0,0,0.0257182,0.0159083,0,0,0.00344592,0,0,0,0,0,0,0,0.00311145,-0.034245,0,0,0.00745784,0,0,0,0,0,0,0,0,0,0,0,0.0422363,0
3.68483e-07,0.426507,0,0,0,0.025813,-0.0159851,0,0,0,0,0,0,0.519716,0,0,0,0.00318317,0.0339298,0,0,0.025813,0.0159851,0,0,0.00342426,0,0,0,0,0,0,0,0.00318317,-0.0339298,0,0,0.0073836,0,0,0,0,0,0,0,0,0,0,0,0.0429688,0
3.76323e-07,0.428929,0,0,0,0.0259039,-0.0160558,0,0,0,0,0,0,0.516839,0,0,0,0.00329169,0.0336903,0,0,0.0259039,0.0160558,0,0,0.00344439,0,0,0,0,0,0,0,0.00329169,-0.0336903,0,0,0.00733098,0,0,0,0,0,0,0,0,0,0,0,0.043457,0
3.84163e-07,0.431137,0,0,0,0.0260101,-0.0161096,0,0,0,0,0,0,0.513767,0,0,0,0.00319669,0.0332048,0,0,0.0260101,0.0161096,0,0,0.00343329,0,0,0,0,0,0,0,0.00319669,-0.0332048,0,0,0.00722905,0,0,0,0,0,0,0,0,0,0,0,0.0444336,0
3.92003e-07,0.434489,0,0,0,0.026271,-0.0163727,0,0,0,0,0,0,0.508992,0,0,0,0.00336552,0.0327739,0,0,0.026271,0.0163727,0,0,0.00349879,0,0,0,0,0,0,0,0.00336552,-0.0327739,0,0,0.00712176,0,0,0,0,0,0,0,0,0,0,0,0.0458984,0
3.99843e-07,0.43736,0,0,0,0.0265283,-0.0165637,0,0,0,0,0,0,0.505631,0,0,0,0.00333992,0.0325533,0,0,0.0265283,0.0165637,0,0,0.003558,0,0,0,0,0,0,0,0.00333992,-0.0325533,0,0,0.00706469,0,0,0,0,0,0,0,0,0,0,0,0.0463867,0
4.07683e-07,0.439073,0,0,0,0.0266707,-0.016577,0,0,0,0,0,0,0.50375,0,0,0,0.00332316,0.0322231,0,0,0.0266707,0.016577,0,0,0.00355372,0,0,0,0,0,0,0,0.00332316,-0.0322231,0,0,0.00699253,0,0,0,0,0,0,0,0,0,0,0,0.0466309,0
4.15523e-07,0.441025,0,0,0,0.0268519,-0.0165345,0,0,0,0,0,0,0.501108,0,0,0,0.00350695,0.0319071,0,0,0.0268519,0.0165345,0,0,0.00355483,0,0,0,0,0,0,0,0.00350695,-0.0319071,0,0,0.00694857,0,0,0,0,0,0,0,0,0,0,0,0.0473633,0
4.23363e-07,0.443711,0,0,0,0.0269356,-0.0165375,0,0,0,0,0,0,0.498022,0,0,0,0.00353339,0.0314727,0,0,0.0269356,0.0165375,0,0,0.00355474,0,0,0,0,0,0,0,0.00353339,-0.0314727,0,0,0.0068606,0,0,0,0,0,0,0,0,0,0,0,0.0478516,0
4.31203e-07,0.445882,0,0,0,0.0271608,-0.016702,0,0,0,0,0,0,0.495178,0,0,0,0.00346047,0.0311617,0,0,0.0271608,0.016702,0,0,0.00358069,0,0,0,0,0,0,0,0.00346047,-0.0311617,0,0,0.00677537,0,0,0,0,0,0,0,0,0,0,0,0.048584,0
4.39044e-07,0.447551,0,0,0,0.0273021,-0.0168653,0,0,0,0,0,0,0.493091,0,0,0,0.00378929,0.0307422,0,0,0.0273021,0.0168653,0,0,0.00362126,0,0,0,0,0,0,0,0.00378929,-0.0307422,0,0,0.00666514,0,0,0,0,0,0,0,0,0,0,0,0.0490723,0
4.46884e-07,0.450964,0,0,0,0.0274939,-0.0168735,0,0,0,0,0,0,0.488995,0,0,0,0.00389312,0.0305145,0,0,0.0274939,0.0168735,0,0,0.0036256,0,0,0,0,0,0,0,0.00389312,-0.0305145,0,0,0.00661079,0,0,0,0,0,0,0,0,0,0,0,0.0498047,0
4.54724e-07,0.454126,0,0,0,0.0276557,-0.0169475,0,0,0,0,0,0,0.484636,0,0,0,0.00393433,0.0302567,0,0,0.0276557,0.0169475,0,0,0.00363808,0,0,0,0,0,0,0,0.00393433,-0.0302567,0,0,0.00657509,0,0,0,0,0,0,0,0,0,0,0,0.0510254,0
4.62564e-07,0.455583,0,0,0,0.0277391,-0.0170188,0,0,0,0,0,0,0.482497,0,0,0,0.00402591,0.02995,0,0,0.0277391,0.0170188,0,0,0.00364518,0,0,0,0,0,0,0,0.00402591,-0.02995,0,0,0.00651707,0,0,0,0,0,0,0,0,0,0,0,0.0517578,0
4.70404e-07,0.455117,0,0,0,0.0277983,-0.0169093,0,0,0,0,0,0,0.481566,0,0,0,0.00398116,0.0298001,0,0,0.0277983,0.0169093,0,0,0.00362318,0,0,0,0,0,0,0,0.00398116,-0.0298001,0,0,0.00647078,0,0,0,0,0,0,0,0,0,0,0,0.0532227,0
4.78244e-07,0.458277,0,0,0,0.0281181,-0.0169236,0,0,0,0,0,0,0.477947,0,0,0,0.00413214,0.0295438,0,0,0.0281181,0.0169236,0,0,0.00363741,0,0,0,0,0,0,0,0.00413214,-0.0295438,0,0,0.00642811,0,0,0,0,0,0,0,0,0,0,0,0.0537109,0
4.86084e-07,0.458555,0,0,0,0.0281454,-0.016718,0,0,0,0,0,0,0.477051,0,0,0,0.00391506,0.0291004,0,0,0.0281454,0.016718,0,0,0.0036036,0,0,0,0,0,0,0,0.00391506,-0.0291004,0,0,0.00634786,0,0,0,0,0,0,0,0,0,0,0,0.0544434,0
4.93924e-07,0.460747,0,0,0,0.0282637,-0.0167525,0,0,0,0,0,0,0.474657,0,0,0,0.00386601,0.0289115,0,0,0.0282637,0.0167525,0,0,0.00360826,0,0,0,0,0,0,0,0.00386601,-0.0289115,0,0,0.00629953,0,0,0,0,0,0,0,0,0,0,0,0.0546875,0
5.01764e-07,0.461964,0,0,0,0.0283977,-0.0168582,0,0,0,0,0,0,0.473268,0,0,0,0.00394637,0.0286266,0,0,0.0283977,0.0168582,0,0,0.0036124,0,0,0,0,0,0,0,0.00394637,-0.0286266,0,0,0.00622455,0,0,0,0,0,0,0,0,0,0,0,0.0549316,0
5.09604e-07,0.461958,0,0,0,0.028504,-0.0169054,0,0,0,0,0,0,0.472039,0,0,0,0.0039211,0.0287159,0,0,0.028504,0.0169054,0,0,0.00361853,0,0,0,0,0,0,0,0.0039211,-0.0287159,0,0,0.00623231,0,0,0,0,0,0,0,0,0,0,0,0.0561523,0
5.17444e-07,0.462663,0,0,0,0.0285799,-0.0169691,0,0,0,0,0,0,0.470653,0,0,0,0.00404455,0.0284053,0,0,0.0285799,0.0169691,0,0,0.00364559,0,0,0,0,0,0,0,0.00404455,-0.0284053,0,0,0.00615333,0,0,0,0,0,0,0,0,0,0,0,0.0568848,0
5.25284e-07,0.462171,0,0,0,0.0285826,-0.0168752,0,0,0,0,0,0,0.470147,0,0,0,0.00409341,0.028565,0,0,0.0285826,0.0168752,0,0,0.00364914,0,0,0,0,0,0,0,0.00409341,-0.028565,0,0,0.00617092,0,0,0,0,0,0,0,0,0,0,0,0.0578613,0
5.33124e-07,0.462396,0,0,0,0.0286079,-0.0168906,0,0,0,0,0,0,0.469151,0,0,0,0.00400936,0.0285281,0,0,0.0286079,0.0168906,0,0,0.00366809,0,0,0,0,0,0,0,0.00400936,-0.0285281,0,0,0.00619091,0,0,0,0,0,0,0,0,0,0,0,0.0585938,0
5.40964e-07,0.461929,0,0,0,0.0285647,-0.0168572,0,0,0,0,0,0,0.469162,0,0,0,0.00396684,0.0284737,0,0,0.0285647,0.0168572,0,0,0.00364714,0,0,0,0,0,0,0,0.00396684,-0.0284737,0,0,0.00617982,0,0,0,0,0,0,0,0,0,0,0,0.059082,0
5.48804e-07,0.463152,0,0,0,0.0285774,-0.016897,0,0,0,0,0,0,0.467712,0,0,0,0.00395403,0.0283627,0,0,0.0285774,0.016897,0,0,0.00364442,0,0,0,0,0,0,0,0.00395403,-0.0283627,0,0,0.00616458,0,0,0,0,0,0,0,0,0,0,0,0.0593262,0
5.56644e-07,0.463908,0,0,0,0.0285556,-0.0168459,0,0,0,0,0,0,0.466781,0,0,0,0.00403693,0.0281333,0,0,0.0285556,0.0168459,0,0,0.00362113,0,0,0,0,0,0,0,0.00403693,-0.0281333,0,0,0.00611891,0,0,0,0,0,0,0,0,0,0,0,0.0595703,0
5.64485e-07,0.466064,0,0,0,0.0287945,-0.0170685,0,0,0,0,0,0,0.464133,0,0,0,0.00413563,0.0280524,0,0,0.0287945,0.0170685,0,0,0.00366219,0,0,0,0,0,0,0,0.00413563,-0.0280524,0,0,0.00608179,0,0,0,0,0,0,0,0,0,0,0,0.0600586,0
5.72325e-07,0.467993,0,0,0,0.0290022,-0.0170858,0,0,0,0,0,0,0.462217,0,0,0,0.004228,0.0278409,0,0,0.0290022,0.0170858,0,0,0.00368673,0,0,0,0,0,0,0,0.004228,-0.0278409,0,0,0.00604438,0,0,0,0,0,0,0,0,0,0,0,0.0600586,0
5.80165e-07,0.468746,0,0,0,0.0290807,-0.0169187,0,0,0,0,0,0,0.460806,0,0,0,0.00438415,0.0275668,0,0,0.0290807,0.0169187,0,0,0.003666,0,0,0,0,0,0,0,0.00438415,-0.0275668,0,0,0.0059911,0,0,0,0,0,0,0,0,0,0,0,0.060791,0
5.88005e-07,0.472143,0,0,0,0.0291054,-0.0171449,0,0,0,0,0,0,0.456495,0,0,0,0.00431305,0.0271894,0,0,0.0291054,0.0171449,0,0,0.00368681,0,0,0,0,0,0,0,0.00431305,-0.0271894,0,0,0.00590781,0,0,0,0,0,0,0,0,0,0,0,0.0617676,0
5.95845e-07,0.473356,0,0,0,0.0292329,-0.017142,0,0,0,0,0,0,0.455251,0,0,0,0.00441819,0.0273183,0,0,0.0292329,0.017142,0,0,0.00369484,0,0,0,0,0,0,0,0.00441819,-0.0273183,0,0,0.00593022,0,0,0,0,0,0,0,0,0,0,0,0.0617676,0
6.03685e-07,0.47385,0,0,0,0.0292022,-0.0170879,0,0,0,0,0,0,0.454063,0,0,0,0.00450527,0.0271874,0,0,0.0292022,0.0170879,0,0,0.00368889,0,0,0,0,0,0,0,0.00450527,-0.0271874,0,0,0.00589829,0,0,0,0,0,0,0,0,0,0,0,0.0625,0
6.11525e-07,0.47628,0,0,0,0.0294116,-0.0171291,0,0,0,0,0,0,0.451386,0,0,0,0.00462719,0.0271187,0,0,0.0294116,0.0171291,0,0,0.00370081,0,0,0,0,0,0,0,0.00462719,-0.0271187,0,0,0.00588915,0,0,0,0,0,0,0,0,0,0,0,0.0627441,0
6.19365e-07,0.481131,0,0,0,0.0295966,-0.0173746,0,0,0,0,0,0,0.446372,0,0,0,0.00482453,0.0264917,0,0,0.0295966,0.0173746,0,0,0.00373275,0,0,0,0,0,0,0,0.00482453,-0.0264917,0,0,0.00577625,0,0,0,0,0,0,0,0,0,0,0,0.0629883,0
6.27205e-07,0.482572,0,0,0,0.0297875,-0.0174422,0,0,0,0,0,0,0.443774,0,0,0,0.00492855,0.0260507,0,0,0.0297875,0.0174422,0,0,0.00375637,0,0,0,0,0,0,0,0.00492855,-0.0260507,0,0,0.00568869,0,0,0,0,0,0,0,0,0,0,0,0.064209,0
6.35045e-07,0.481883,0,0,0,0.0297594,-0.0171963,0,0,0,0,0,0,0.443594,0,0,0,0.00509423,0.0258884,0,0,0.0297594,0.0171963,0,0,0.00371235,0,0,0,0,0,0,0,0.00509423,-0.0258884,0,0,0.00562437,0,0,0,0,0,0,0,0,0,0,0,0.0651855,0
6.42885e-07,0.483833,0,0,0,0.0298869,-0.0171858,0,0,0,0,0,0,0.440969,0,0,0,0.00519559,0.0256226,0,0,0.0298869,0.0171858,0,0,0.00371578,0,0,0,0,0,0,0,0.00519559,-0.0256226,0,0,0.00556388,0,0,0,0,0,0,0,0,0,0,0,0.065918,0
6.50725e-07,0.486283,0,0,0,0.0299238,-0.0171301,0,0,0,0,0,0,0.438086,0,0,0,0.00538156,0.0253929,0,0,0.0299238,0.0171301,0,0,0.00370702,0,0,0,0,0,0,0,0.00538156,-0.0253929,0,0,0.00551748,0,0,0,0,0,0,0,0,0,0,0,0.0664062,0
6.58565e-07,0.486762,0,0,0,0.0299209,-0.0171825,0,0,0,0,0,0,0.437383,0,0,0,0.00550479,0.0252573,0,0,0.0299209,0.0171825,0,0,0.00371644,0,0,0,0,0,0,0,0.00550479,-0.0252573,0,0,0.00548803,0,0,0,0,0,0,0,0,0,0,0,0.0666504,0
6.66405e-07,0.488017,0,0,0,0.0299271,-0.0170741,0,0,0,0,0,0,0.435218,0,0,0,0.00551017,0.02516,0,0,0.0299271,0.0170741,0,0,0.00368245,0,0,0,0,0,0,0,0.00551017,-0.02516,0,0,0.00545594,0,0,0,0,0,0,0,0,0,0,0,0.067627,0
6.74245e-07,0.489244,0,0,0,0.0300897,-0.0170924,0,0,0,0,0,0,0.433772,0,0,0,0.00576302,0.0250716,0,0,0.0300897,0.0170924,0,0,0.00367602,0,0,0,0,0,0,0,0.00576302,-0.0250716,0,0,0.00543736,0,0,0,0,0,0,0,0,0,0,0,0.0678711,0
6.82085e-07,0.491186,0,0,0,0.0301695,-0.017098,0,0,0,0,0,0,0.431622,0,0,0,0.0056825,0.0248682,0,0,0.0301695,0.017098,0,0,0.00368705,0,0,0,0,0,0,0,0.0056825,-0.0248682,0,0,0.00538995,0,0,0,0,0,0,0,0,0,0,0,0.0681152,0
6.89926e-07,0.49144,0,0,0,0.030149,-0.0171022,0,0,0,0,0,0,0.430878,0,0,0,0.00581255,0.0249505,0,0,0.030149,0.0171022,0,0,0.00367708,0,0,0,0,0,0,0,0.00581255,-0.0249505,0,0,0.00540174,0,0,0,0,0,0,0,0,0,0,0,0.0686035,0
6.97766e-07,0.490945,0,0,0,0.0300158,-0.017167,0,0,0,0,0,0,0.430872,0,0,0,0.00595018,0.0249694,0,0,0.0300158,0.017167,0,0,0.0036842,0,0,0,0,0,0,0,0.00595018,-0.0249694,0,0,0.00540773,0,0,0,0,0,0,0,0,0,0,0,0.0690918,0
7.05606e-07,0.490463,0,0,0,0.0300447,-0.0170246,0,0,0,0,0,0,0.430383,0,0,0,0.00599726,0.0249707,0,0,0.0300447,0.0170246,0,0,0.00367739,0,0,0,0,0,0,0,0.00599726,-0.0249707,0,0,0.0054085,0,0,0,0,0,0,0,0,0,0,0,0.0700684,0
7.13446e-07,0.490704,0,0,0,0.0299212,-0.017036,0,0,0,0,0,0,0.430151,0,0,0,0.0061024,0.0249546,0,0,0.0299212,0.017036,0,0,0.00368083,0,0,0,0,0,0,0,0.0061024,-0.0249546,0,0,0.00539626,0,0,0,0,0,0,0,0,0,0,0,0.0700684,0
7.21286e-07,0.493857,0,0,0,0.0299931,-0.0172185,0,0,0,0,0,0,0.426287,0,0,0,0.00589348,0.0247693,0,0,0.0299931,0.0172185,0,0,0.00370142,0,0,0,0,0,0,0,0.00589348,-0.0247693,0,0,0.00535359,0,0,0,0,0,0,0,0,0,0,0,0.0708008,0
7.29126e-07,0.495315,0,0,0,0.0299534,-0.0172859,0,0,0,0,0,0,0.424387,0,0,0,0.00564788,0.024451,0,0,0.0299534,0.0172859,0,0,0.0037088,0,0,0,0,0,0,0,0.00564788,-0.024451,0,0,0.00530081,0,0,0,0,0,0,0,0,0,0,0,0.0712891,0
7.36966e-07,0.498457,0,0,0,0.0301449,-0.0175217,0,0,0,0,0,0,0.420284,0,0,0,0.00551573,0.0242232,0,0,0.0301449,0.0175217,0,0,0.0037407,0,0,0,0,0,0,0,0.00551573,-0.0242232,0,0,0.00525334,0,0,0,0,0,0,0,0,0,0,0,0.0722656,0
7.44806e-07,0.497718,0,0,0,0.0301788,-0.0174819,0,0,0,0,0,0,0.420548,0,0,0,0.0054594,0.0241802,0,0,0.0301788,0.0174819,0,0,0.00374731,0,0,0,0,0,0,0,0.0054594,-0.0241802,0,0,0.00523331,0,0,0,0,0,0,0,0,0,0,0,0.0727539,0
7.52646e-07,0.498942,0,0,0,0.0303404,-0.0173774,0,0,0,0,0,0,0.418582,0,0,0,0.00566885,0.0242401,0,0,0.0303404,0.0173774,0,0,0.00374334,0,0,0,0,0,0,0,0.00566885,-0.0242401,0,0,0.00524591,0,0,0,0,0,0,0,0,0,0,0,0.0734863,0
7.60486e-07,0.500634,0,0,0,0.0304131,-0.0174284,0,0,0,0,0,0,0.416404,0,0,0,0.00576677,0.0240765,0,0,0.0304131,0.0174284,0,0,0.00376081,0,0,0,0,0,0,0,0.00576677,-0.0240765,0,0,0.00522673,0,0,0,0,0,0,0,0,0,0,0,0.0739746,0
7.68326e-07,0.501131,0,0,0,0.0305688,-0.0173713,0,0,0,0,0,0,0.41544,0,0,0,0.00586527,0.024025,0,0,0.0305688,0.0173713,0,0,0.00375212,0,0,0,0,0,0,0,0.00586527,-0.024025,0,0,0.00521381,0,0,0,0,0,0,0,0,0,0,0,0.0744629,0
7.76166e-07,0.502579,0,0,0,0.0305091,-0.0174483,0,0,0,0,0,0,0.413041,0,0,0,0.00582421,0.0238613,0,0,0.0305091,0.0174483,0,0,0.00376835,0,0,0,0,0,0,0,0.00582421,-0.0238613,0,0,0.00517163,0,0,0,0,0,0,0,0,0,0,0,0.0754395,0
7.84006e-07,0.502828,0,0,0,0.0304213,-0.0174612,0,0,0,0,0,0,0.412042,0,0,0,0.00586126,0.0239681,0,0,0.0304213,0.0174612,0,0,0.00376387,0,0,0,0,0,0,0,0.00586126,-0.0239681,0,0,0.00519387,0,0,0,0,0,0,0,0,0,0,0,0.0761719,0
7.91846e-07,0.501592,0,0,0,0.030498,-0.0175432,0,0,0,0,0,0,0.412526,0,0,0,0.00582787,0.0240277,0,0,0.030498,0.0175432,0,0,0.00377954,0,0,0,0,0,0,0,0.00582787,-0.0240277,0,0,0.00519842,0,0,0,0,0,0,0,0,0,0,0,0.0769043,0
7.99686e-07,0.501837,0,0,0,0.0305543,-0.0175467,0,0,0,0,0,0,0.411801,0,0,0,0.00590862,0.0240042,0,0,0.0305543,0.0175467,0,0,0.00377794,0,0,0,0,0,0,0,0.00590862,-0.0240042,0,0,0.00519147,0,0,0,0,0,0,0,0,0,0,0,0.0773926,0
8.07526e-07,0.50475,0,0,0,0.0307124,-0.0176813,0,0,0,0,0,0,0.408432,0,0,0,0.00592834,0.0237453,0,0,0.0307124,0.0176813,0,0,0.00379541,0,0,0,0,0,0,0,0.00592834,-0.0237453,0,0,0.00514224,0,0,0,0,0,0,0,0,0,0,0,0.0778809,0
8.15367e-07,0.506181,0,0,0,0.0308877,-0.0178005,0,0,0,0,0,0,0.406729,0,0,0,0.00600737,0.0236172,0,0,0.0308877,0.0178005,0,0,0.0038292,0,0,0,0,0,0,0,0.00600737,-0.0236172,0,0,0.00513596,0,0,0,0,0,0,0,0,0,0,0,0.078125,0
8.23207e-07,0.507365,0,0,0,0.0309276,-0.0178814,0,0,0,0,0,0,0.403396,0,0,0,0.00592762,0.0232368,0,0,0.0309276,0.0178814,0,0,0.00386581,0,0,0,0,0,0,0,0.00592762,-0.0232368,0,0,0.00505098,0,0,0,0,0,0,0,0,0,0,0,0.0803223,0
8.31047e-07,0.507118,0,0,0,0.0308194,-0.0178581,0,0,0,0,0,0,0.402451,0,0,0,0.00595403,0.0231558,0,0,0.0308194,0.0178581,0,0,0.00386847,0,0,0,0,0,0,0,0.00595403,-0.0231558,0,0,0.00501964,0,0,0,0,0,0,0,0,0,0,0,0.081543,0
8.38887e-07,0.506644,0,0,0,0.0307353,-0.017832,0,0,0,0,0,0,0.402452,0,0,0,0.00602667,0.0231478,0,0,0.0307353,0.017832,0,0,0.00385364,0,0,0,0,0,0,0,0.00602667,-0.0231478,0,0,0.00501918,0,0,0,0,0,0,0,0,0,0,0,0.0820312,0
8.46727e-07,0.506659,0,0,0,0.0308202,-0.0177664,0,0,0,0,0,0,0.401283,0,0,0,0.00617613,0.0229387,0,0,0.0308202,0.0177664,0,0,0.00383895,0,0,0,0,0,0,0,0.00617613,-0.0229387,0,0,0.00496668,0,0,0,0,0,0,0,0,0,0,0,0.083252,0
8.54567e-07,0.507381,0,0,0,0.0309229,-0.017801,0,0,0,0,0,0,0.399144,0,0,0,0.00628561,0.0226966,0,0,0.0309229,0.017801,0,0,0.00384942,0,0,0,0,0,0,0,0.00628561,-0.0226966,0,0,0.00490863,0,0,0,0,0,0,0,0,0,0,0,0.0847168,0
8.62407e-07,0.506427,0,0,0,0.0309251,-0.0176675,0,0,0,0,0,0,0.399366,0,0,0,0.00630969,0.022829,0,0,0.0309251,0.0176675,0,0,0.00382737,0,0,0,0,0,0,0,0.00630969,-0.022829,0,0,0.0049304,0,0,0,0,0,0,0,0,0,0,0,0.0854492,0
8.70247e-07,0.507641,0,0,0,0.0310218,-0.0177418,0,0,0,0,0,0,0.397192,0,0,0,0.00622904,0.0226834,0,0,0.0310218,0.0177418,0,0,0.00383387,0,0,0,0,0,0,0,0.00622904,-0.0226834,0,0,0.00490794,0,0,0,0,0,0,0,0,0,0,0,0.0864258,0
8.78087e-07,0.506444,0,0,0,0.030884,-0.0176244,0,0,0,0,0,0,0.397424,0,0,0,0.00613651,0.0227377,0,0,0.030884,0.0176244,0,0,0.00380982,0,0,0,0,0,0,0,0.00613651,-0.0227377,0,0,0.00491956,0,0,0,0,0,0,0,0,0,0,0,0.0874023,0
8.85927e-07,0.505964,0,0,0,0.0307702,-0.0176032,0,0,0,0,0,0,0.397408,0,0,0,0.00611918,0.0228025,0,0,0.0307702,0.0176032,0,0,0.00380115,0,0,0,0,0,0,0,0.00611918,-0.0228025,0,0,0.00493569,0,0,0,0,0,0,0,0,0,0,0,0.0878906,0
8.93767e-07,0.506684,0,0,0,0.0308537,-0.0177014,0,0,0,0,0,0,0.396198,0,0,0,0.00601603,0.0227419,0,0,0.0308537,0.0177014,0,0,0.00381392,0,0,0,0,0,0,0,0.00601603,-0.0227419,0,0,0.00492544,0,0,0,0,0,0,0,0,0,0,0,0.0883789,0
9.01607e-07,0.508138,0,0,0,0.0309566,-0.0176934,0,0,0,0,0,0,0.394702,0,0,0,0.00617405,0.0228696,0,0,0.0309566,0.0176934,0,0,0.00382502,0,0,0,0,0,0,0,0.00617405,-0.0228696,0,0,0.00495581,0,0,0,0,0,0,0,0,0,0,0,0.0883789,0
9.09447e-07,0.508398,0,0,0,0.030917,-0.0176276,0,0,0,0,0,0,0.394016,0,0,0,0.00632327,0.0226105,0,0,0.030917,0.0176276,0,0,0.0038088,0,0,0,0,0,0,0,0.00632327,-0.0226105,0,0,0.00490984,0,0,0,0,0,0,0,0,0,0,0,0.0888672,0
9.17287e-07,0.509385,0,0,0,0.0308759,-0.0176909,0,0,0,0,0,0,0.392846,0,0,0,0.00626733,0.0223932,0,0,0.0308759,0.0176909,0,0,0.00379886,0,0,0,0,0,0,0,0.00626733,-0.0223932,0,0,0.00485934,0,0,0,0,0,0,0,0,0,0,0,0.0891113,0
9.25127e-07,0.511042,0,0,0,0.0310917,-0.0179108,0,0,0,0,0,0,0.390678,0,0,0,0.00620652,0.0222833,0,0,0.0310917,0.0179108,0,0,0.00385023,0,0,0,0,0,0,0,0.00620652,-0.0222833,0,0,0.00483004,0,0,0,0,0,0,0,0,0,0,0,0.0895996,0
9.32967e-07,0.512234,0,0,0,0.0311237,-0.0180233,0,0,0,0,0,0,0.38851,0,0,0,0.00617636,0.0221281,0,0,0.0311237,0.0180233,0,0,0.00387908,0,0,0,0,0,0,0,0.00617636,-0.0221281,0,0,0.00480026,0,0,0,0,0,0,0,0,0,0,0,0.0905762,0
9.40808e-07,0.513185,0,0,0,0.0312781,-0.0181607,0,0,0,0,0,0,0.38734,0,0,0,0.00609484,0.0219471,0,0,0.0312781,0.0181607,0,0,0.00390528,0,0,0,0,0,0,0,0.00609484,-0.0219471,0,0,0.00475022,0,0,0,0,0,0,0,0,0,0,0,0.0908203,0
9.48648e-07,0.513654,0,0,0,0.0314547,-0.0181866,0,0,0,0,0,0,0.386414,0,0,0,0.00614717,0.0218218,0,0,0.0314547,0.0181866,0,0,0.00392367,0,0,0,0,0,0,0,0.00614717,-0.0218218,0,0,0.00469951,0,0,0,0,0,0,0,0,0,0,0,0.0913086,0
9.56488e-07,0.512447,0,0,0,0.0315342,-0.0180285,0,0,0,0,0,0,0.387609,0,0,0,0.00623195,0.0219553,0,0,0.0315342,0.0180285,0,0,0.00391004,0,0,0,0,0,0,0,0.00623195,-0.0219553,0,0,0.00472542,0,0,0,0,0,0,0,0,0,0,0,0.0913086,0
9.64328e-07,0.513905,0,0,0,0.0314869,-0.0180843,0,0,0,0,0,0,0.385419,0,0,0,0.00604203,0.0218692,0,0,0.0314869,0.0180843,0,0,0.00391703,0,0,0,0,0,0,0,0.00604203,-0.0218692,0,0,0.00471783,0,0,0,0,0,0,0,0,0,0,0,0.092041,0
9.72168e-07,0.51535,0,0,0,0.031587,-0.0182495,0,0,0,0,0,0,0.383963,0,0,0,0.00592261,0.0217664,0,0,0.031587,0.0182495,0,0,0.00393667,0,0,0,0,0,0,0,0.00592261,-0.0217664,0,0,0.00470929,0,0,0,0,0,0,0,0,0,0,0,0.092041,0
9.80008e-07,0.516145,0,0,0,0.0316668,-0.0180363,0,0,0,0,0,0,0.383,0,0,0,0.00607647,0.0217345,0,0,0.0316668,0.0180363,0,0,0.00387457,0,0,0,0,0,0,0,0.00607647,-0.0217345,0,0,0.00469555,0,0,0,0,0,0,0,0,0,0,0,0.0922852,0
9.87848e-07,0.516374,0,0,0,0.0316303,-0.0180814,0,0,0,0,0,0,0.382302,0,0,0,0.00637345,0.021617,0,0,0.0316303,0.0180814,0,0,0.00389005,0,0,0,0,0,0,0,0.00637345,-0.021617,0,0,0.00466062,0,0,0,0,0,0,0,0,0,0,0,0.0927734,0
9.95688e-07,0.515665,0,0,0,0.0316739,-0.0179401,0,0,0,0,0,0,0.382755,0,0,0,0.00634553,0.0217741,0,0,0.0316739,0.0179401,0,0,0.00386644,0,0,0,0,0,0,0,0.00634553,-0.0217741,0,0,0.00469585,0,0,0,0,0,0,0,0,0,0,0,0.0930176,0
1.00353e-06,0.515667,0,0,0,0.0317098,-0.0178855,0,0,0,0,0,0,0.381993,0,0,0,0.00653046,0.0218769,0,0,0.0317098,0.0178855,0,0,0.00386384,0,0,0,0,0,0,0,0.00653046,-0.0218769,0,0,0.0047254,0,0,0,0,0,0,0,0,0,0,0,0.09375,0
1.01137e-06,0.51931,0,0,0,0.0318609,-0.0180347,0,0,0,0,0,0,0.378168,0,0,0,0.00639691,0.0214937,0,0,0.0318609,0.0180347,0,0,0.00388351,0,0,0,0,0,0,0,0.00639691,-0.0214937,0,0,0.00464432,0,0,0,0,0,0,0,0,0,0,0,0.0939941,0
1.01921e-06,0.518822,0,0,0,0.0319631,-0.0180317,0,0,0,0,0,0,0.378158,0,0,0,0.00658534,0.0215505,0,0,0.0319631,0.0180317,0,0,0.0038827,0,0,0,0,0,0,0,0.00658534,-0.0215505,0,0,0.0046548,0,0,0,0,0,0,0,0,0,0,0,0.0944824,0
1.02705e-06,0.520283,0,0,0,0.0319936,-0.018028,0,0,0,0,0,0,0.376212,0,0,0,0.00660615,0.0214845,0,0,0.0319936,0.018028,0,0,0.00388642,0,0,0,0,0,0,0,0.00660615,-0.0214845,0,0,0.00464761,0,0,0,0,0,0,0,0,0,0,0,0.0949707,0
1.03489e-06,0.520756,0,0,0,0.0319632,-0.0181061,0,0,0,0,0,0,0.374762,0,0,0,0.00657575,0.0214124,0,0,0.0319632,0.0181061,0,0,0.00390266,0,0,0,0,0,0,0,0.00657575,-0.0214124,0,0,0.00463239,0,0,0,0,0,0,0,0,0,0,0,0.0959473,0
1.04273e-06,0.519785,0,0,0,0.0319386,-0.0181015,0,0,0,0,0,0,0.375489,0,0,0,0.00655372,0.0214806,0,0,0.0319386,0.0181015,0,0,0.0038968,0,0,0,0,0,0,0,0.00655372,-0.0214806,0,0,0.00463824,0,0,0,0,0,0,0,0,0,0,0,0.0961914,0
1.05057e-06,0.519301,0,0,0,0.0320143,-0.0180333,0,0,0,0,0,0,0.375504,0,0,0,0.00650571,0.0214817,0,0,0.0320143,0.0180333,0,0,0.00389226,0,0,0,0,0,0,0,0.00650571,-0.0214817,0,0,0.00462314,0,0,0,0,0,0,0,0,0,0,0,0.0966797,0
1.05841e-06,0.520513,0,0,0,0.0320185,-0.0180276,0,0,0,0,0,0,0.37306,0,0,0,0.00675131,0.0214878,0,0,0.0320185,0.0180276,0,0,0.00390073,0,0,0,0,0,0,0,0.00675131,-0.0214878,0,0,0.00462519,0,0,0,0,0,0,0,0,0,0,0,0.0979004,0
1.06625e-06,0.521045,0,0,0,0.0320488,-0.0178943,0,0,0,0,0,0,0.372092,0,0,0,0.00690007,0.0213626,0,0,0.0320488,0.0178943,0,0,0.00385718,0,0,0,0,0,0,0,0.00690007,-0.0213626,0,0,0.00461745,0,0,0,0,0,0,0,0,0,0,0,0.0983887,0
1.07409e-06,0.522761,0,0,0,0.0320916,-0.0178656,0,0,0,0,0,0,0.370398,0,0,0,0.00684588,0.0212221,0,0,0.0320916,0.0178656,0,0,0.00384994,0,0,0,0,0,0,0,0.00684588,-0.0212221,0,0,0.00460173,0,0,0,0,0,0,0,0,0,0,0,0.0983887,0
1.08193e-06,0.523212,0,0,0,0.0320585,-0.0180931,0,0,0,0,0,0,0.369935,0,0,0,0.00689042,0.0210785,0,0,0.0320585,0.0180931,0,0,0.00388806,0,0,0,0,0,0,0,0.00689042,-0.0210785,0,0,0.00457628,0,0,0,0,0,0,0,0,0,0,0,0.0983887,0
1.08977e-06,0.524148,0,0,0,0.032183,-0.0182372,0,0,0,0,0,0,0.368726,0,0,0,0.00676271,0.0210762,0,0,0.032183,0.0182372,0,0,0.00392781,0,0,0,0,0,0,0,0.00676271,-0.0210762,0,0,0.00456465,0,0,0,0,0,0,0,0,0,0,0,0.0986328,0
1.09761e-06,0.525378,0,0,0,0.0322554,-0.0181535,0,0,0,0,0,0,0.367047,0,0,0,0.0067163,0.021065,0,0,0.0322554,0.0181535,0,0,0.00391883,0,0,0,0,0,0,0,0.0067163,-0.021065,0,0,0.00453546,0,0,0,0,0,0,0,0,0,0,0,0.0991211,0
1.10545e-06,0.526116,0,0,0,0.0321324,-0.018232,0,0,0,0,0,0,0.366283,0,0,0,0.00651451,0.0211647,0,0,0.0321324,0.018232,0,0,0.00391371,0,0,0,0,0,0,0,0.00651451,-0.0211647,0,0,0.00456624,0,0,0,0,0,0,0,0,0,0,0,0.0991211,0
1.11329e-06,0.527558,0,0,0,0.0322795,-0.018388,0,0,0,0,0,0,0.364303,0,0,0,0.00649598,0.0212403,0,0,0.0322795,0.018388,0,0,0.00393625,0,0,0,0,0,0,0,0.00649598,-0.0212403,0,0,0.00459369,0,0,0,0,0,0,0,0,0,0,0,0.0996094,0
1.12113e-06,0.5297,0,0,0,0.0324004,-0.0186105,0,0,0,0,0,0,0.36192,0,0,0,0.00625932,0.0209648,0,0,0.0324004,0.0186105,0,0,0.00399138,0,0,0,0,0,0,0,0.00625932,-0.0209648,0,0,0.00453523,0,0,0,0,0,0,0,0,0,0,0,0.0998535,0
1.12897e-06,0.529915,0,0,0,0.0324778,-0.0186695,0,0,0,0,0,0,0.361681,0,0,0,0.00624428,0.0210011,0,0,0.0324778,0.0186695,0,0,0.00402033,0,0,0,0,0,0,0,0.00624428,-0.0210011,0,0,0.00452947,0,0,0,0,0,0,0,0,0,0,0,0.0998535,0
1.13681e-06,0.530389,0,0,0,0.0324517,-0.0187201,0,0,0,0,0,0,0.360746,0,0,0,0.00629459,0.0208733,0,0,0.0324517,0.0187201,0,0,0.00403467,0,0,0,0,0,0,0,0.00629459,-0.0208733,0,0,0.00448813,0,0,0,0,0,0,0,0,0,0,0,0.100342,0
1.14465e-06,0.530867,0,0,0,0.0325281,-0.018708,0,0,0,0,0,0,0.359979,0,0,0,0.00631429,0.020952,0,0,0.0325281,0.018708,0,0,0.00404535,0,0,0,0,0,0,0,0.00631429,-0.020952,0,0,0.0045232,0,0,0,0,0,0,0,0,0,0,0,0.100586,0
1.15249e-06,0.530123,0,0,0,0.0324461,-0.0187515,0,0,0,0,0,0,0.359692,0,0,0,0.00633411,0.0211123,0,0,0.0324461,0.0187515,0,0,0.00405645,0,0,0,0,0,0,0,0.00633411,-0.0211123,0,0,0.00456591,0,0,0,0,0,0,0,0,0,0,0,0.101562,0
1.16033e-06,0.530129,0,0,0,0.0325128,-0.0187304,0,0,0,0,0,0,0.359412,0,0,0,0.00630901,0.0212406,0,0,0.0325128,0.0187304,0,0,0.00405095,0,0,0,0,0,0,0,0.00630901,-0.0212406,0,0,0.00460148,0,0,0,0,0,0,0,0,0,0,0,0.101807,0
1.16817e-06,0.530352,0,0,0,0.0325832,-0.0188059,0,0,0,0,0,0,0.358942,0,0,0,0.00639251,0.0211125,0,0,0.0325832,0.0188059,0,0,0.00407177,0,0,0,0,0,0,0,0.00639251,-0.0211125,0,0,0.00458303,0,0,0,0,0,0,0,0,0,0,0,0.102051,0
1.17601e-06,0.529897,0,0,0,0.0325375,-0.0186424,0,0,0,0,0,0,0.358962,0,0,0,0.00634574,0.0210262,0,0,0.0325375,0.0186424,0,0,0.00403881,0,0,0,0,0,0,0,0.00634574,-0.0210262,0,0,0.00456369,0,0,0,0,0,0,0,0,0,0,0,0.102539,0
1.18385e-06,0.527035,0,0,0,0.0323831,-0.0183552,0,0,0,0,0,0,0.360902,0,0,0,0.00644464,0.02116,0,0,0.0323831,0.0183552,0,0,0.00397073,0,0,0,0,0,0,0,0.00644464,-0.02116,0,0,0.00457635,0,0,0,0,0,0,0,0,0,0,0,0.103516,0
1.19169e-06,0.527544,0,0,0,0.0324206,-0.0182944,0,0,0,0,0,0,0.360424,0,0,0,0.0067592,0.0211297,0,0,0.0324206,0.0182944,0,0,0.00395041,0,0,0,0,0,0,0,0.0067592,-0.0211297,0,0,0.00456635,0,0,0,0,0,0,0,0,0,0,0,0.103516,0
1.19953e-06,0.527293,0,0,0,0.0323683,-0.0182573,0,0,0,0,0,0,0.359685,0,0,0,0.00680547,0.021114,0,0,0.0323683,0.0182573,0,0,0.00395737,0,0,0,0,0,0,0,0.00680547,-0.021114,0,0,0.00457329,0,0,0,0,0,0,0,0,0,0,0,0.104492,0
1.20737e-06,0.527085,0,0,0,0.0323557,-0.0181101,0,0,0,0,0,0,0.359235,0,0,0,0.00672935,0.0209332,0,0,0.0323557,0.0181101,0,0,0.00392125,0,0,0,0,0,0,0,0.00672935,-0.0209332,0,0,0.00453429,0,0,0,0,0,0,0,0,0,0,0,0.105225,0
1.21521e-06,0.526361,0,0,0,0.0322059,-0.0181229,0,0,0,0,0,0,0.359034,0,0,0,0.00691956,0.0208448,0,0,0.0322059,0.0181229,0,0,0.00391219,0,0,0,0,0,0,0,0.00691956,-0.0208448,0,0,0.00449144,0,0,0,0,0,0,0,0,0,0,0,0.106201,0
1.22305e-06,0.527812,0,0,0,0.0322374,-0.018235,0,0,0,0,0,0,0.3571,0,0,0,0.00699097,0.020782,0,0,0.0322374,0.018235,0,0,0.0039261,0,0,0,0,0,0,0,0.00699097,-0.020782,0,0,0.00447236,0,0,0,0,0,0,0,0,0,0,0,0.106689,0
1.23089e-06,0.527298,0,0,0,0.0323227,-0.0183319,0,0,0,0,0,0,0.35709,0,0,0,0.00697126,0.0208234,0,0,0.0323227,0.0183319,0,0,0.00395176,0,0,0,0,0,0,0,0.00697126,-0.0208234,0,0,0.00448236,0,0,0,0,0,0,0,0,0,0,0,0.107178,0
1.23873e-06,0.528014,0,0,0,0.0322379,-0.0184458,0,0,0,0,0,0,0.35566,0,0,0,0.00707558,0.0205742,0,0,0.0322379,0.0184458,0,0,0.00396794,0,0,0,0,0,0,0,0.00707558,-0.0205742,0,0,0.00444699,0,0,0,0,0,0,0,0,0,0,0,0.10791,0
1.24657e-06,0.528979,0,0,0,0.0322401,-0.0184874,0,0,0,0,0,0,0.354259,0,0,0,0.00692781,0.020322,0,0,0.0322401,0.0184874,0,0,0.00397978,0,0,0,0,0,0,0,0.00692781,-0.020322,0,0,0.00438317,0,0,0,0,0,0,0,0,0,0,0,0.108398,0
1.25441e-06,0.530893,0,0,0,0.032467,-0.0186282,0,0,0,0,0,0,0.351835,0,0,0,0.00702851,0.0201857,0,0,0.032467,0.0186282,0,0,0.00401868,0,0,0,0,0,0,0,0.00702851,-0.0201857,0,0,0.00436596,0,0,0,0,0,0,0,0,0,0,0,0.108887,0
1.26225e-06,0.531131,0,0,0,0.0326758,-0.0185195,0,0,0,0,0,0,0.351098,0,0,0,0.00691891,0.0201634,0,0,0.0326758,0.0185195,0,0,0.00402544,0,0,0,0,0,0,0,0.00691891,-0.0201634,0,0,0.0043707,0,0,0,0,0,0,0,0,0,0,0,0.109375,0
1.27009e-06,0.530438,0,0,0,0.0325403,-0.0184154,0,0,0,0,0,0,0.350844,0,0,0,0.00691545,0.020129,0,0,0.0325403,0.0184154,0,0,0.00398586,0,0,0,0,0,0,0,0.00691545,-0.020129,0,0,0.00438067,0,0,0,0,0,0,0,0,0,0,0,0.110352,0
1.27793e-06,0.531675,0,0,0,0.0325701,-0.0183982,0,0,0,0,0,0,0.349655,0,0,0,0.00688694,0.0200081,0,0,0.0325701,0.0183982,0,0,0.00396932,0,0,0,0,0,0,0,0.00688694,-0.0200081,0,0,0.00434907,0,0,0,0,0,0,0,0,0,0,0,0.110352,0
1.28577e-06,0.531428,0,0,0,0.0325983,-0.0184178,0,0,0,0,0,0,0.34942,0,0,0,0.00684433,0.0199372,0,0,0.0325983,0.0184178,0,0,0.00397264,0,0,0,0,0,0,0,0.00684433,-0.0199372,0,0,0.00433954,0,0,0,0,0,0,0,0,0,0,0,0.11084,0
1.29361e-06,0.531891,0,0,0,0.032595,-0.0185228,0,0,0,0,0,0,0.347983,0,0,0,0.00687581,0.0198424,0,0,0.032595,0.0185228,0,0,0.00399732,0,0,0,0,0,0,0,0.00687581,-0.0198424,0,0,0.00431215,0,0,0,0,0,0,0,0,0,0,0,0.111816,0
1.30145e-06,0.530695,0,0,0,0.0325512,-0.0183277,0,0,0,0,0,0,0.348968,0,0,0,0.006865,0.0199081,0,0,0.0325512,0.0183277,0,0,0.00397283,0,0,0,0,0,0,0,0.006865,-0.0199081,0,0,0.00430375,0,0,0,0,0,0,0,0,0,0,0,0.112061,0
1.30929e-06,0.529994,0,0,0,0.0324608,-0.0182005,0,0,0,0,0,0,0.349437,0,0,0,0.00706806,0.0199908,0,0,0.0324608,0.0182005,0,0,0.00394131,0,0,0,0,0,0,0,0.00706806,-0.0199908,0,0,0.00432314,0,0,0,0,0,0,0,0,0,0,0,0.112305,0
1.31713e-06,0.530713,0,0,0,0.0324831,-0.0182959,0,0,0,0,0,0,0.347992,0,0,0,0.00709673,0.0198326,0,0,0.0324831,0.0182959,0,0,0.00395499,0,0,0,0,0,0,0,0.00709673,-0.0198326,0,0,0.00430327,0,0,0,0,0,0,0,0,0,0,0,0.113037,0
1.32497e-06,0.530279,0,0,0,0.0322441,-0.0180919,0,0,0,0,0,0,0.34825,0,0,0,0.00693634,0.0197767,0,0,0.0322441,0.0180919,0,0,0.00390094,0,0,0,0,0,0,0,0.00693634,-0.0197767,0,0,0.00428952,0,0,0,0,0,0,0,0,0,0,0,0.113281,0
1.33281e-06,0.529307,0,0,0,0.0321665,-0.0181193,0,0,0,0,0,0,0.348746,0,0,0,0.00695992,0.0197633,0,0,0.0321665,0.0181193,0,0,0.00389652,0,0,0,0,0,0,0,0.00695992,-0.0197633,0,0,0.0042809,0,0,0,0,0,0,0,0,0,0,0,0.11377,0
1.34065e-06,0.528607,0,0,0,0.0322421,-0.0179519,0,0,0,0,0,0,0.348529,0,0,0,0.00690997,0.0197946,0,0,0.0322421,0.0179519,0,0,0.00386397,0,0,0,0,0,0,0,0.00690997,-0.0197946,0,0,0.0042545,0,0,0,0,0,0,0,0,0,0,0,0.114746,0
1.34849e-06,0.528348,0,0,0,0.0322668,-0.0179517,0,0,0,0,0,0,0.348739,0,0,0,0.00718702,0.0198575,0,0,0.0322668,0.0179517,0,0,0.00387817,0,0,0,0,0,0,0,0.00718702,-0.0198575,0,0,0.00428884,0,0,0,0,0,0,0,0,0,0,0,0.114746,0
1.35633e-06,0.528864,0,0,0,0.0322417,-0.0179108,0,0,0,0,0,0,0.347625,0,0,0,0.00737102,0.0193545,0,0,0.0322417,0.0179108,0,0,0.00385083,0,0,0,0,0,0,0,0.00737102,-0.0193545,0,0,0.00418159,0,0,0,0,0,0,0,0,0,0,0,0.115479,0
1.36417e-06,0.527152,0,0,0,0.0322747,-0.0178329,0,0,0,0,0,0,0.348836,0,0,0,0.00735866,0.0195211,0,0,0.0322747,0.0178329,0,0,0.0038539,0,0,0,0,0,0,0,0.00735866,-0.0195211,0,0,0.00419108,0,0,0,0,0,0,0,0,0,0,0,0.115967,0
1.37201e-06,0.526914,0,0,0,0.0322294,-0.0177812,0,0,0,0,0,0,0.348588,0,0,0,0.00741967,0.0194961,0,0,0.0322294,0.0177812,0,0,0.00384816,0,0,0,0,0,0,0,0.00741967,-0.0194961,0,0,0.00419522,0,0,0,0,0,0,0,0,0,0,0,0.116455,0
1.37985e-06,0.527416,0,0,0,0.0321673,-0.0177647,0,0,0,0,0,0,0.347154,0,0,0,0.00729394,0.0192747,0,0,0.0321673,0.0177647,0,0,0.00383445,0,0,0,0,0,0,0,0.00729394,-0.0192747,0,0,0.00416411,0,0,0,0,0,0,0,0,0,0,0,0.117432,0
1.38769e-06,0.527627,0,0,0,0.0322491,-0.0178949,0,0,0,0,0,0,0.345976,0,0,0,0.00726423,0.0191018,0,0,0.0322491,0.0178949,0,0,0.00386703,0,0,0,0,0,0,0,0.00726423,-0.0191018,0,0,0.00412167,0,0,0,0,0,0,0,0,0,0,0,0.118408,0
1.39553e-06,0.526891,0,0,0,0.0321959,-0.0178556,0,0,0,0,0,0,0.346679,0,0,0,0.007235,0.019231,0,0,0.0321959,0.0178556,0,0,0.00387026,0,0,0,0,0,0,0,0.007235,-0.019231,0,0,0.0041515,0,0,0,0,0,0,0,0,0,0,0,0.118408,0
1.40337e-06,0.527165,0,0,0,0.0319606,-0.0178001,0,0,0,0,0,0,0.345984,0,0,0,0.00732536,0.0191703,0,0,0.0319606,0.0178001,0,0,0.00384131,0,0,0,0,0,0,0,0.00732536,-0.0191703,0,0,0.00411345,0,0,0,0,0,0,0,0,0,0,0,0.118896,0
1.41121e-06,0.525925,0,0,0,0.0320554,-0.0178685,0,0,0,0,0,0,0.346647,0,0,0,0.0073873,0.0194562,0,0,0.0320554,0.0178685,0,0,0.0038603,0,0,0,0,0,0,0,0.0073873,-0.0194562,0,0,0.00418343,0,0,0,0,0,0,0,0,0,0,0,0.119385,0
1.41905e-06,0.52546,0,0,0,0.0320717,-0.0177397,0,0,0,0,0,0,0.345941,0,0,0,0.0074359,0.019307,0,0,0.0320717,0.0177397,0,0,0.0038364,0,0,0,0,0,0,0,0.0074359,-0.019307,0,0,0.00415665,0,0,0,0,0,0,0,0,0,0,0,0.120605,0
1.42689e-06,0.524506,0,0,0,0.0320602,-0.0176413,0,0,0,0,0,0,0.346236,0,0,0,0.00741896,0.0190898,0,0,0.0320602,0.0176413,0,0,0.00381457,0,0,0,0,0,0,0,0.00741896,-0.0190898,0,0,0.00410614,0,0,0,0,0,0,0,0,0,0,0,0.121338,0
1.43473e-06,0.523795,0,0,0,0.0320145,-0.0175282,0,0,0,0,0,0,0.346438,0,0,0,0.00754518,0.019275,0,0,0.0320145,0.0175282,0,0,0.00379298,0,0,0,0,0,0,0,0.00754518,-0.019275,0,0,0.0041484,0,0,0,0,0,0,0,0,0,0,0,0.121826,0
1.44257e-06,0.522619,0,0,0,0.0319788,-0.0172513,0,0,0,0,0,0,0.346404,0,0,0,0.00758796,0.0193557,0,0,0.0319788,0.0172513,0,0,0.00374822,0,0,0,0,0,0,0,0.00758796,-0.0193557,0,0,0.00418194,0,0,0,0,0,0,0,0,0,0,0,0.123047,0
1.45041e-06,0.520712,0,0,0,0.0317229,-0.0170912,0,0,0,0,0,0,0.34784,0,0,0,0.00763794,0.0195161,0,0,0.0317229,0.0170912,0,0,0.00370162,0,0,0,0,0,0,0,0.00763794,-0.0195161,0,0,0.00421032,0,0,0,0,0,0,0,0,0,0,0,0.123535,0
1.45825e-06,0.520224,0,0,0,0.0316881,-0.0171325,0,0,0,0,0,0,0.347107,0,0,0,0.00764347,0.0195183,0,0,0.0316881,0.0171325,0,0,0.00370206,0,0,0,0,0,0,0,0.00764347,-0.0195183,0,0,0.00421125,0,0,0,0,0,0,0,0,0,0,0,0.124756,0
1.46609e-06,0.519987,0,0,0,0.0316651,-0.0170573,0,0,0,0,0,0,0.346136,0,0,0,0.00767038,0.0194269,0,0,0.0316651,0.0170573,0,0,0.00369491,0,0,0,0,0,0,0,0.00767038,-0.0194269,0,0,0.00420534,0,0,0,0,0,0,0,0,0,0,0,0.125977,0
1.47393e-06,0.519761,0,0,0,0.0316489,-0.0170213,0,0,0,0,0,0,0.345912,0,0,0,0.0074718,0.0193686,0,0,0.0316489,0.0170213,0,0,0.00367638,0,0,0,0,0,0,0,0.0074718,-0.0193686,0,0,0.00418523,0,0,0,0,0,0,0,0,0,0,0,0.126465,0
1.48177e-06,0.519047,0,0,0,0.0314963,-0.0169772,0,0,0,0,0,0,0.345419,0,0,0,0.00745534,0.0194104,0,0,0.0314963,0.0169772,0,0,0.00365817,0,0,0,0,0,0,0,0.00745534,-0.0194104,0,0,0.00419075,0,0,0,0,0,0,0,0,0,0,0,0.127686,0
1.48961e-06,0.516859,0,0,0,0.0313402,-0.0169479,0,0,0,0,0,0,0.347349,0,0,0,0.00746517,0.0195184,0,0,0.0313402,0.0169479,0,0,0.00364929,0,0,0,0,0,0,0,0.00746517,-0.0195184,0,0,0.00421327,0,0,0,0,0,0,0,0,0,0,0,0.12793,0
1.49745e-06,0.518541,0,0,0,0.0314855,-0.0170539,0,0,0,0,0,0,0.345177,0,0,0,0.00750801,0.0194685,0,0,0.0314855,0.0170539,0,0,0.00367593,0,0,0,0,0,0,0,0.00750801,-0.0194685,0,0,0.004188,0,0,0,0,0,0,0,0,0,0,0,0.128418,0
1.50529e-06,0.519246,0,0,0,0.0315434,-0.017167,0,0,0,0,0,0,0.343908,0,0,0,0.00756914,0.0196291,0,0,0.0315434,0.017167,0,0,0.00370299,0,0,0,0,0,0,0,0.00756914,-0.0196291,0,0,0.004237,0,0,0,0,0,0,0,0,0,0,0,0.128906,0
1.51313e-06,0.518027,0,0,0,0.0316268,-0.0171067,0,0,0,0,0,0,0.343644,0,0,0,0.00738073,0.0196608,0,0,0.0316268,0.0171067,0,0,0.00370165,0,0,0,0,0,0,0,0.00738073,-0.0196608,0,0,0.00425592,0,0,0,0,0,0,0,0,0,0,0,0.130371,0
1.52097e-06,0.518529,0,0,0,0.0315784,-0.017069,0,0,0,0,0,0,0.34269,0,0,0,0.00736827,0.0196154,0,0,0.0315784,0.017069,0,0,0.00368739,0,0,0,0,0,0,0,0.00736827,-0.0196154,0,0,0.00423377,0,0,0,0,0,0,0,0,0,0,0,0.130859,0
1.52881e-06,0.51785,0,0,0,0.0314656,-0.0169119,0,0,0,0,0,0,0.341723,0,0,0,0.0073962,0.0196241,0,0,0.0314656,0.0169119,0,0,0.00363392,0,0,0,0,0,0,0,0.0073962,-0.0196241,0,0,0.00422424,0,0,0,0,0,0,0,0,0,0,0,0.132568,0
1.53665e-06,0.518326,0,0,0,0.0316149,-0.0169874,0,0,0,0,0,0,0.340762,0,0,0,0.00743058,0.0195225,0,0,0.0316149,0.0169874,0,0,0.00364685,0,0,0,0,0,0,0,0.00743058,-0.0195225,0,0,0.00420873,0,0,0,0,0,0,0,0,0,0,0,0.133057,0
1.54449e-06,0.51807,0,0,0,0.031618,-0.0169533,0,0,0,0,0,0,0.340258,0,0,0,0.00738261,0.0195371,0,0,0.031618,0.0169533,0,0,0.00365889,0,0,0,0,0,0,0,0.00738261,-0.0195371,0,0,0.00422476,0,0,0,0,0,0,0,0,0,0,0,0.133789,0
1.55233e-06,0.517583,0,0,0,0.0315553,-0.0169133,0,0,0,0,0,0,0.340517,0,0,0,0.00746784,0.019475,0,0,0.0315553,0.0169133,0,0,0.00365681,0,0,0,0,0,0,0,0.00746784,-0.019475,0,0,0.00420909,0,0,0,0,0,0,0,0,0,0,0,0.134033,0
1.56017e-06,0.517574,0,0,0,0.0314961,-0.0169817,0,0,0,0,0,0,0.339297,0,0,0,0.00748522,0.0194676,0,0,0.0314961,0.0169817,0,0,0.0036659,0,0,0,0,0,0,0,0.00748522,-0.0194676,0,0,0.00420854,0,0,0,0,0,0,0,0,0,0,0,0.135254,0
1.56801e-06,0.518051,0,0,0,0.0314935,-0.0169824,0,0,0,0,0,0,0.338313,0,0,0,0.00746141,0.0195378,0,0,0.0314935,0.0169824,0,0,0.00367724,0,0,0,0,0,0,0,0.00746141,-0.0195378,0,0,0.00421631,0,0,0,0,0,0,0,0,0,0,0,0.135742,0
1.57585e-06,0.518292,0,0,0,0.0313516,-0.0170731,0,0,0,0,0,0,0.336893,0,0,0,0.00750742,0.0193395,0,0,0.0313516,0.0170731,0,0,0.00368047,0,0,0,0,0,0,0,0.00750742,-0.0193395,0,0,0.00417136,0,0,0,0,0,0,0,0,0,0,0,0.136963,0
1.58369e-06,0.517576,0,0,0,0.0314185,-0.0169908,0,0,0,0,0,0,0.337134,0,0,0,0.00749943,0.0193753,0,0,0.0314185,0.0169908,0,0,0.00366469,0,0,0,0,0,0,0,0.00749943,-0.0193753,0,0,0.00417426,0,0,0,0,0,0,0,0,0,0,0,0.137451,0
1.59153e-06,0.516833,0,0,0,0.0314212,-0.0169922,0,0,0,0,0,0,0.337324,0,0,0,0.00755228,0.0196291,0,0,0.0314212,0.0169922,0,0,0.00367502,0,0,0,0,0,0,0,0.00755228,-0.0196291,0,0,0.00422874,0,0,0,0,0,0,0,0,0,0,0,0.137939,0
1.59937e-06,0.51691,0,0,0,0.0313798,-0.0166951,0,0,0,0,0,0,0.336804,0,0,0,0.00771793,0.0197351,0,0,0.0313798,0.0166951,0,0,0.00359787,0,0,0,0,0,0,0,0.00771793,-0.0197351,0,0,0.00426092,0,0,0,0,0,0,0,0,0,0,0,0.138428,0
1.60721e-06,0.51761,0,0,0,0.0314249,-0.0169172,0,0,0,0,0,0,0.335129,0,0,0,0.00774419,0.0195182,0,0,0.0314249,0.0169172,0,0,0.00363025,0,0,0,0,0,0,0,0.00774419,-0.0195182,0,0,0.00422689,0,0,0,0,0,0,0,0,0,0,0,0.139404,0
1.61505e-06,0.517338,0,0,0,0.031525,-0.0170364,0,0,0,0,0,0,0.3347,0,0,0,0.00779939,0.0192583,0,0,0.031525,0.0170364,0,0,0.00365835,0,0,0,0,0,0,0,0.00779939,-0.0192583,0,0,0.00416713,0,0,0,0,0,0,0,0,0,0,0,0.140137,0
1.62289e-06,0.517804,0,0,0,0.0315518,-0.0170089,0,0,0,0,0,0,0.333469,0,0,0,0.0077551,0.0192682,0,0,0.0315518,0.0170089,0,0,0.00368019,0,0,0,0,0,0,0,0.0077551,-0.0192682,0,0,0.00417716,0,0,0,0,0,0,0,0,0,0,0,0.140869,0
1.63073e-06,0.518564,0,0,0,0.0315896,-0.0169306,0,0,0,0,0,0,0.332081,0,0,0,0.0077633,0.0189508,0,0,0.0315896,0.0169306,0,0,0.00365263,0,0,0,0,0,0,0,0.0077633,-0.0189508,0,0,0.00410097,0,0,0,0,0,0,0,0,0,0,0,0.141602,0
1.63857e-06,0.519748,0,0,0,0.0317584,-0.0170823,0,0,0,0,0,0,0.330636,0,0,0,0.00768209,0.0188832,0,0,0.0317584,0.0170823,0,0,0.0036892,0,0,0,0,0,0,0,0.00768209,-0.0188832,0,0,0.00408097,0,0,0,0,0,0,0,0,0,0,0,0.141846,0
1.64641e-06,0.518764,0,0,0,0.0317806,-0.0170492,0,0,0,0,0,0,0.330829,0,0,0,0.00770985,0.0191403,0,0,0.0317806,0.0170492,0,0,0.00369714,0,0,0,0,0,0,0,0.00770985,-0.0191403,0,0,0.00413202,0,0,0,0,0,0,0,0,0,0,0,0.142578,0
1.65425e-06,0.517065,0,0,0,0.0316158,-0.0169805,0,0,0,0,0,0,0.331767,0,0,0,0.00779672,0.0193222,0,0,0.0316158,0.0169805,0,0,0.00368673,0,0,0,0,0,0,0,0.00779672,-0.0193222,0,0,0.00417049,0,0,0,0,0,0,0,0,0,0,0,0.143311,0
1.66209e-06,0.517089,0,0,0,0.0316456,-0.0168976,0,0,0,0,0,0,0.330348,0,0,0,0.00784913,0.0190887,0,0,0.0316456,0.0168976,0,0,0.00366329,0,0,0,0,0,0,0,0.00784913,-0.0190887,0,0,0.00412447,0,0,0,0,0,0,0,0,0,0,0,0.144775,0
1.66993e-06,0.517595,0,0,0,0.0315289,-0.0169036,0,0,0,0,0,0,0.329889,0,0,0,0.00784126,0.0189983,0,0,0.0315289,0.0169036,0,0,0.00364535,0,0,0,0,0,0,0,0.00784126,-0.0189983,0,0,0.00409491,0,0,0,0,0,0,0,0,0,0,0,0.144775,0
1.67777e-06,0.517607,0,0,0,0.0316472,-0.0168273,0,0,0,0,0,0,0.329623,0,0,0,0.00786819,0.0191263,0,0,0.0316472,0.0168273,0,0,0.0036328,0,0,0,0,0,0,0,0.00786819,-0.0191263,0,0,0.00411696,0,0,0,0,0,0,0,0,0,0,0,0.14502,0
1.68561e-06,0.51735,0,0,0,0.0316332,-0.0168419,0,0,0,0,0,0,0.329837,0,0,0,0.00788534,0.0191723,0,0,0.0316332,0.0168419,0,0,0.00364563,0,0,0,0,0,0,0,0.00788534,-0.0191723,0,0,0.00414781,0,0,0,0,0,0,0,0,0,0,0,0.14502,0
1.69345e-06,0.516178,0,0,0,0.0315071,-0.0166553,0,0,0,0,0,0,0.330607,0,0,0,0.00785537,0.0190138,0,0,0.0315071,0.0166553,0,0,0.00359702,0,0,0,0,0,0,0,0.00785537,-0.0190138,0,0,0.00411019,0,0,0,0,0,0,0,0,0,0,0,0.145508,0
1.70129e-06,0.517388,0,0,0,0.0315413,-0.0167155,0,0,0,0,0,0,0.32867,0,0,0,0.00781978,0.0189289,0,0,0.0315413,0.0167155,0,0,0.00360792,0,0,0,0,0,0,0,0.00781978,-0.0189289,0,0,0.00409333,0,0,0,0,0,0,0,0,0,0,0,0.14624,0
1.70913e-06,0.51739,0,0,0,0.0315835,-0.0167219,0,0,0,0,0,0,0.328492,0,0,0,0.00794079,0.0186516,0,0,0.0315835,0.0167219,0,0,0.0036065,0,0,0,0,0,0,0,0.00794079,-0.0186516,0,0,0.00402723,0,0,0,0,0,0,0,0,0,0,0,0.146484,0
1.71697e-06,0.516184,0,0,0,0.0316107,-0.016611,0,0,0,0,0,0,0.328943,0,0,0,0.0079115,0.0187933,0,0,0.0316107,0.016611,0,0,0.00359149,0,0,0,0,0,0,0,0.0079115,-0.0187933,0,0,0.0040649,0,0,0,0,0,0,0,0,0,0,0,0.147217,0
1.72481e-06,0.513798,0,0,0,0.0314559,-0.0163202,0,0,0,0,0,0,0.330387,0,0,0,0.00802306,0.0189146,0,0,0.0314559,0.0163202,0,0,0.00353572,0,0,0,0,0,0,0,0.00802306,-0.0189146,0,0,0.00408614,0,0,0,0,0,0,0,0,0,0,0,0.148193,0
1.73265e-06,0.513565,0,0,0,0.0314653,-0.0162163,0,0,0,0,0,0,0.330391,0,0,0,0.00821012,0.018893,0,0,0.0314653,0.0162163,0,0,0.00352447,0,0,0,0,0,0,0,0.00821012,-0.018893,0,0,0.00408128,0,0,0,0,0,0,0,0,0,0,0,0.148438,0
1.74049e-06,0.515792,0,0,0,0.0314506,-0.0162,0,0,0,0,0,0,0.32775,0,0,0,0.00824155,0.0186346,0,0,0.0314506,0.0162,0,0,0.00349537,0,0,0,0,0,0,0,0.00824155,-0.0186346,0,0,0.00403695,0,0,0,0,0,0,0,0,0,0,0,0.148926,0
1.74833e-06,0.516024,0,0,0,0.0314993,-0.0163033,0,0,0,0,0,0,0.327288,0,0,0,0.00853662,0.0184842,0,0,0.0314993,0.0163033,0,0,0.00350727,0,0,0,0,0,0,0,0.00853662,-0.0184842,0,0,0.00401112,0,0,0,0,0,0,0,0,0,0,0,0.14917,0
1.75617e-06,0.514359,0,0,0,0.0313214,-0.0160354,0,0,0,0,0,0,0.328268,0,0,0,0.00849674,0.0185719,0,0,0.0313214,0.0160354,0,0,0.0034634,0,0,0,0,0,0,0,0.00849674,-0.0185719,0,0,0.00400701,0,0,0,0,0,0,0,0,0,0,0,0.149902,0
1.76401e-06,0.515794,0,0,0,0.0314309,-0.0162293,0,0,0,0,0,0,0.326311,0,0,0,0.00861935,0.0186077,0,0,0.0314309,0.0162293,0,0,0.00349318,0,0,0,0,0,0,0,0.00861935,-0.0186077,0,0,0.00401135,0,0,0,0,0,0,0,0,0,0,0,0.150391,0
1.77185e-06,0.517511,0,0,0,0.0314808,-0.0162662,0,0,0,0,0,0,0.323678,0,0,0,0.00838124,0.0183166,0,0,0.0314808,0.0162662,0,0,0.00348496,0,0,0,0,0,0,0,0.00838124,-0.0183166,0,0,0.00395879,0,0,0,0,0,0,0,0,0,0,0,0.151367,0
1.77969e-06,0.518185,0,0,0,0.03161,-0.0165274,0,0,0,0,0,0,0.322499,0,0,0,0.00847054,0.0181203,0,0,0.03161,0.0165274,0,0,0.00354396,0,0,0,0,0,0,0,0.00847054,-0.0181203,0,0,0.003917,0,0,0,0,0,0,0,0,0,0,0,0.151855,0
1.78753e-06,0.518377,0,0,0,0.03172,-0.0166564,0,0,0,0,0,0,0.32203,0,0,0,0.00840332,0.0180498,0,0,0.03172,0.0166564,0,0,0.00359539,0,0,0,0,0,0,0,0.00840332,-0.0180498,0,0,0.00389813,0,0,0,0,0,0,0,0,0,0,0,0.1521,0
1.79537e-06,0.520057,0,0,0,0.0316285,-0.0168387,0,0,0,0,0,0,0.319635,0,0,0,0.00812493,0.017892,0,0,0.0316285,0.0168387,0,0,0.0036243,0,0,0,0,0,0,0,0.00812493,-0.017892,0,0,0.00385149,0,0,0,0,0,0,0,0,0,0,0,0.152832,0
1.80321e-06,0.519302,0,0,0,0.0316002,-0.0169501,0,0,0,0,0,0,0.319394,0,0,0,0.00805747,0.0178879,0,0,0.0316002,0.0169501,0,0,0.00364747,0,0,0,0,0,0,0,0.00805747,-0.0178879,0,0,0.00384798,0,0,0,0,0,0,0,0,0,0,0,0.153809,0
1.81105e-06,0.519075,0,0,0,0.0315156,-0.016819,0,0,0,0,0,0,0.318659,0,0,0,0.00810344,0.017912,0,0,0.0315156,0.016819,0,0,0.00363003,0,0,0,0,0,0,0,0.00810344,-0.017912,0,0,0.00385031,0,0,0,0,0,0,0,0,0,0,0,0.154785,0
1.81889e-06,0.520049,0,0,0,0.0315569,-0.0168515,0,0,0,0,0,0,0.316717,0,0,0,0.00827825,0.0178274,0,0,0.0315569,0.0168515,0,0,0.00363228,0,0,0,0,0,0,0,0.00827825,-0.0178274,0,0,0.00383947,0,0,0,0,0,0,0,0,0,0,0,0.155762,0
1.82673e-06,0.519579,0,0,0,0.0315789,-0.0167424,0,0,0,0,0,0,0.316208,0,0,0,0.00830506,0.0179101,0,0,0.0315789,0.0167424,0,0,0.00361465,0,0,0,0,0,0,0,0.00830506,-0.0179101,0,0,0.0038607,0,0,0,0,0,0,0,0,0,0,0,0.156738,0
1.83457e-06,0.51907,0,0,0,0.0315308,-0.0168298,0,0,0,0,0,0,0.316177,0,0,0,0.00834342,0.0179643,0,0,0.0315308,0.0168298,0,0,0.00363554,0,0,0,0,0,0,0,0.00834342,-0.0179643,0,0,0.00389156,0,0,0,0,0,0,0,0,0,0,0,0.157227,0
1.84241e-06,0.518357,0,0,0,0.03144,-0.0167641,0,0,0,0,0,0,0.316169,0,0,0,0.00833113,0.0179863,0,0,0.03144,0.0167641,0,0,0.00361534,0,0,0,0,0,0,0,0.00833113,-0.0179863,0,0,0.00389971,0,0,0,0,0,0,0,0,0,0,0,0.157959,0
1.85025e-06,0.519812,0,0,0,0.0314988,-0.0168468,0,0,0,0,0,0,0.313984,0,0,0,0.0081529,0.0179279,0,0,0.0314988,0.0168468,0,0,0.00362535,0,0,0,0,0,0,0,0.0081529,-0.0179279,0,0,0.00388756,0,0,0,0,0,0,0,0,0,0,0,0.158691,0
1.85809e-06,0.519283,0,0,0,0.0314801,-0.0170277,0,0,0,0,0,0,0.314478,0,0,0,0.00812212,0.0178636,0,0,0.0314801,0.0170277,0,0,0.00366572,0,0,0,0,0,0,0,0.00812212,-0.0178636,0,0,0.0038809,0,0,0,0,0,0,0,0,0,0,0,0.158691,0
1.86593e-06,0.521185,0,0,0,0.0316234,-0.017196,0,0,0,0,0,0,0.312583,0,0,0,0.0082586,0.0176433,0,0,0.0316234,0.017196,0,0,0.00371772,0,0,0,0,0,0,0,0.0082586,-0.0176433,0,0,0.00382315,0,0,0,0,0,0,0,0,0,0,0,0.158691,0
1.87377e-06,0.521651,0,0,0,0.031687,-0.0172378,0,0,0,0,0,0,0.311368,0,0,0,0.00818707,0.0176553,0,0,0.031687,0.0172378,0,0,0.00374009,0,0,0,0,0,0,0,0.00818707,-0.0176553,0,0,0.0038171,0,0,0,0,0,0,0,0,0,0,0,0.159424,0
1.88162e-06,0.523843,0,0,0,0.0317339,-0.0172893,0,0,0,0,0,0,0.308949,0,0,0,0.00809195,0.017587,0,0,0.0317339,0.0172893,0,0,0.00374535,0,0,0,0,0,0,0,0.00809195,-0.017587,0,0,0.00379511,0,0,0,0,0,0,0,0,0,0,0,0.159668,0
1.88946e-06,0.523126,0,0,0,0.0315433,-0.0172646,0,0,0,0,0,0,0.309681,0,0,0,0.00800012,0.0176129,0,0,0.0315433,0.0172646,0,0,0.00372906,0,0,0,0,0,0,0,0.00800012,-0.0176129,0,0,0.00379583,0,0,0,0,0,0,0,0,0,0,0,0.159668,0
1.8973e-06,0.523363,0,0,0,0.031635,-0.0173219,0,0,0,0,0,0,0.309161,0,0,0,0.00816567,0.0177525,0,0,0.031635,0.0173219,0,0,0.00373619,0,0,0,0,0,0,0,0.00816567,-0.0177525,0,0,0.00382766,0,0,0,0,0,0,0,0,0,0,0,0.159912,0
1.90514e-06,0.523601,0,0,0,0.0316555,-0.0172991,0,0,0,0,0,0,0.308173,0,0,0,0.00824046,0.0177459,0,0,0.0316555,0.0172991,0,0,0.00374265,0,0,0,0,0,0,0,0.00824046,-0.0177459,0,0,0.00383917,0,0,0,0,0,0,0,0,0,0,0,0.160645,0
1.91298e-06,0.523584,0,0,0,0.0316752,-0.0173645,0,0,0,0,0,0,0.307689,0,0,0,0.008309,0.0176828,0,0,0.0316752,0.0173645,0,0,0.00375929,0,0,0,0,0,0,0,0.008309,-0.0176828,0,0,0.00383439,0,0,0,0,0,0,0,0,0,0,0,0.161133,0
1.92082e-06,0.523564,0,0,0,0.0316769,-0.0174427,0,0,0,0,0,0,0.307235,0,0,0,0.00833113,0.0174572,0,0,0.0316769,0.0174427,0,0,0.00377954,0,0,0,0,0,0,0,0.00833113,-0.0174572,0,0,0.00380058,0,0,0,0,0,0,0,0,0,0,0,0.161621,0
1.92866e-06,0.523828,0,0,0,0.0316546,-0.0173423,0,0,0,0,0,0,0.306531,0,0,0,0.00818966,0.0173797,0,0,0.0316546,0.0173423,0,0,0.00376032,0,0,0,0,0,0,0,0.00818966,-0.0173797,0,0,0.00377147,0,0,0,0,0,0,0,0,0,0,0,0.162109,0
1.9365e-06,0.523113,0,0,0,0.0315778,-0.0172831,0,0,0,0,0,0,0.306813,0,0,0,0.00814817,0.0172446,0,0,0.0315778,0.0172831,0,0,0.00374263,0,0,0,0,0,0,0,0.00814817,-0.0172446,0,0,0.00373361,0,0,0,0,0,0,0,0,0,0,0,0.162598,0
1.94434e-06,0.52483,0,0,0,0.0315884,-0.0172806,0,0,0,0,0,0,0.304685,0,0,0,0.00812934,0.0169641,0,0,0.0315884,0.0172806,0,0,0.0037345,0,0,0,0,0,0,0,0.00812934,-0.0169641,0,0,0.00366453,0,0,0,0,0,0,0,0,0,0,0,0.163086,0
1.95218e-06,0.526044,0,0,0,0.0316971,-0.0173399,0,0,0,0,0,0,0.303497,0,0,0,0.00828396,0.0168233,0,0,0.0316971,0.0173399,0,0,0.00374109,0,0,0,0,0,0,0,0.00828396,-0.0168233,0,0,0.00363213,0,0,0,0,0,0,0,0,0,0,0,0.163086,0
1.96002e-06,0.524838,0,0,0,0.0317903,-0.0172203,0,0,0,0,0,0,0.304671,0,0,0,0.00826823,0.0170031,0,0,0.0317903,0.0172203,0,0,0.0037267,0,0,0,0,0,0,0,0.00826823,-0.0170031,0,0,0.00367816,0,0,0,0,0,0,0,0,0,0,0,0.163086,0
1.96786e-06,0.524127,0,0,0,0.0319418,-0.0170761,0,0,0,0,0,0,0.304656,0,0,0,0.00833353,0.0170499,0,0,0.0319418,0.0170761,0,0,0.00370486,0,0,0,0,0,0,0,0.00833353,-0.0170499,0,0,0.00369407,0,0,0,0,0,0,0,0,0,0,0,0.163818,0
1.9757e-06,0.523914,0,0,0,0.0317066,-0.0169531,0,0,0,0,0,0,0.304437,0,0,0,0.00841166,0.0169712,0,0,0.0317066,0.0169531,0,0,0.00367355,0,0,0,0,0,0,0,0.00841166,-0.0169712,0,0,0.0036688,0,0,0,0,0,0,0,0,0,0,0,0.164307,0
1.98354e-06,0.524433,0,0,0,0.0316897,-0.0168904,0,0,0,0,0,0,0.303515,0,0,0,0.00848259,0.0167357,0,0,0.0316897,0.0168904,0,0,0.00364279,0,0,0,0,0,0,0,0.00848259,-0.0167357,0,0,0.00361345,0,0,0,0,0,0,0,0,0,0,0,0.164795,0
1.99138e-06,0.524423,0,0,0,0.0317455,-0.0169701,0,0,0,0,0,0,0.302306,0,0,0,0.0084256,0.016762,0,0,0.0317455,0.0169701,0,0,0.00365278,0,0,0,0,0,0,0,0.0084256,-0.016762,0,0,0.00360193,0,0,0,0,0,0,0,0,0,0,0,0.166016,0
1.99922e-06,0.524438,0,0,0,0.0317025,-0.0168596,0,0,0,0,0,0,0.301072,0,0,0,0.00848927,0.0167884,0,0,0.0317025,0.0168596,0,0,0.00363784,0,0,0,0,0,0,0,0.00848927,-0.0167884,0,0,0.00361555,0,0,0,0,0,0,0,0,0,0,0,0.167236,0
